{
  "test/integration/opaTests.qunit.js": 1714788772843,
  "test/testsuite.qunit.js": 1714788772843,
  "test/integration/pages/IncidentsList.js": 1714788772847,
  "i18n/i18n.properties": 1714788772839,
  "test/integration/FirstJourney.js": 1714788772851,
  "test/integration/pages/IncidentsObjectPage.js": 1714788772847,
  "xs-app.json": 1714789027535,
  "manifest.json": 1714789027539,
  "Component.js": 1714788772835,
  "test/integration/pages/IncidentsList-dbg.js": 1714788772847,
  "test/integration/pages/IncidentsList.js.map": 1714789034899,
  "test/testsuite.qunit-dbg.js": 1714788772843,
  "test/testsuite.qunit.js.map": 1714789034909,
  "test/integration/opaTests.qunit-dbg.js": 1714788772843,
  "test/integration/opaTests.qunit.js.map": 1714789034900,
  "test/integration/FirstJourney-dbg.js": 1714788772851,
  "test/integration/FirstJourney.js.map": 1714789034907,
  "test/integration/pages/IncidentsObjectPage-dbg.js": 1714788772847,
  "test/integration/pages/IncidentsObjectPage.js.map": 1714789034904,
  "Component-dbg.js": 1714788772835,
  "Component.js.map": 1714789034905,
  "Component-preload.js": 1714789035085,
  "Component-preload.js.map": 1714789035085,
  "test/integration/opaTests.qunit.html": 1714788772843,
  "test/testsuite.qunit.html": 1714788772843,
  "test/flpSandbox.html": 1714788772839,
  "index.html": 1714788772835
}